certification,budget,revenue,imdb_id
,,,0
PG-13,48000000.0,76019000.0,tt0035423
,10000000.0,0.0,tt0113026
,0.0,0.0,tt0113092
,0.0,0.0,tt0114447
,0.0,0.0,tt0116391
PG-13,22000000.0,5271670.0,tt0118589
R,1000000.0,0.0,tt0118652
PG,150000.0,12855000.0,tt0118694
R,0.0,0.0,tt0118852
,0.0,6297.0,tt0119004
R,15000000.0,0.0,tt0119273
R,0.0,0.0,tt0119495
,0.0,0.0,tt0119806
NR,0.0,0.0,tt0120166
,0.0,0.0,tt0120202
,0.0,80334.0,tt0120263
R,120000.0,14904.0,tt0120467
,0.0,0.0,tt0120624
,6105120.0,0.0,tt0120626
G,45000000.0,224835000.0,tt0120630
R,35000000.0,74558100.0,tt0120681
,0.0,0.0,tt0120698
NR,0.0,0.0,tt0120733
PG-13,93000000.0,871368000.0,tt0120737
R,8000000.0,105983.0,tt0120753
PG-13,125000000.0,546388000.0,tt0120755
,0.0,0.0,tt0120807
R,38000000.0,24690400.0,tt0120824
PG-13,75000000.0,296340000.0,tt0120903
PG,75000000.0,36754600.0,tt0120913
G,100000000.0,169328000.0,tt0120917
R,0.0,0.0,tt0122161
PG,24000000.0,36610000.0,tt0122459
,10000000.0,0.0,tt0123003
G,0.0,0.0,tt0123055
,0.0,0.0,tt0123581
,0.0,0.0,tt0124889
PG-13,35000000.0,57756400.0,tt0125022
PG,60000000.0,487853000.0,tt0126029
,150000.0,0.0,tt0126899
R,8500000.0,327418.0,tt0127349
,0.0,0.0,tt0128158
,0.0,0.0,tt0128165
PG,127500000.0,354248000.0,tt0130623
PG,76000000.0,35134800.0,tt0131704
PG-13,0.0,0.0,tt0132078
PG-13,94000000.0,54744700.0,tt0132245
,0.0,0.0,tt0132885
R,10000000.0,0.0,tt0132910
,0.0,0.0,tt0133063
PG-13,100000000.0,362212000.0,tt0133152
,0.0,0.0,tt0133752
R,40000000.0,161834000.0,tt0134084
R,0.0,0.0,tt0134630
R,23000000.0,53187700.0,tt0134847
R,90000000.0,14828100.0,tt0134983
,0.0,0.0,tt0135707
,0.0,0.0,tt0138288
,1700000.0,0.0,tt0138353
PG,95000000.0,76432700.0,tt0138749
PG-13,0.0,0.0,tt0138818
PG-13,0.0,0.0,tt0138927
R,0.0,0.0,tt0138946
PG,0.0,0.0,tt0139388
,0.0,0.0,tt0139500
R,45000000.0,104876000.0,tt0139654
,0.0,0.0,tt0141120
R,90000000.0,10372300.0,tt0141907
PG-13,62000000.0,127666000.0,tt0141926
R,0.0,0.0,tt0142650
,0.0,0.0,tt0143344
R,7000000.0,34266600.0,tt0144084
R,3000000.0,0.0,tt0144142
PG-13,84000000.0,123308000.0,tt0144528
,0.0,0.0,tt0144574
PG,0.0,0.0,tt0144608
R,25000000.0,15843600.0,tt0144964
PG-13,80000000.0,34566700.0,tt0146309
PG-13,115000000.0,274703000.0,tt0146316
R,30000000.0,47126300.0,tt0146882
PG-13,80000000.0,39459400.0,tt0146984
,0.0,0.0,tt0147486
,0.0,0.0,tt0148120
,0.0,0.0,tt0148415
,0.0,0.0,tt0148421
PG-13,0.0,0.0,tt0149367
PG-13,57000000.0,0.0,tt0149624
R,10000000.0,0.0,tt0150021
,6900000.0,15000000.0,tt0151150
,0.0,0.0,tt0151309
,0.0,0.0,tt0152083
,0.0,0.0,tt0153012
,0.0,0.0,tt0153100
,0.0,0.0,tt0153464
,0.0,0.0,tt0153533
R,0.0,0.0,tt0155150
,0.0,0.0,tt0156020
R,10000000.0,7201700.0,tt0156323
R,0.0,0.0,tt0156741
PG-13,0.0,0.0,tt0156757
PG-13,0.0,0.0,tt0156807
PG,6000000.0,35547800.0,tt0156812
PG-13,25000000.0,24362800.0,tt0156841
,1200000.0,0.0,tt0156942
,1400000.0,0.0,tt0157007
R,0.0,0.0,tt0157122
,0.0,0.0,tt0157202
R,26000000.0,270813.0,tt0157262
R,0.0,15705000.0,tt0157583
,0.0,0.0,tt0157836
,0.0,0.0,tt0158033
PG,83000000.0,59468300.0,tt0158622
PG-13,40000000.0,91753200.0,tt0159273
,0.0,0.0,tt0159291
,0.0,0.0,tt0159371
,0.0,0.0,tt0159378
,0.0,0.0,tt0159396
R,0.0,0.0,tt0159784
R,40000000.0,30199100.0,tt0160009
PG-13,92000000.0,264106000.0,tt0160127
,0.0,0.0,tt0160256
,0.0,0.0,tt0160275
,0.0,0.0,tt0160289
R,40000000.0,8694320.0,tt0160399
R,0.0,0.0,tt0160403
R,0.0,0.0,tt0160434
,0.0,0.0,tt0160447
R,50000000.0,31355900.0,tt0160484
R,12000000.0,0.0,tt0160495
,0.0,0.0,tt0160547
,0.0,0.0,tt0160611
,800000.0,0.0,tt0160616
,0.0,0.0,tt0160644
R,0.0,0.0,tt0160652
,0.0,0.0,tt0160663
PG-13,0.0,0.0,tt0160710
PG,0.0,0.0,tt0160749
,0.0,0.0,tt0160759
R,60000000.0,71000000.0,tt0160797
,0.0,0.0,tt0160859
,0.0,0.0,tt0161003
PG-13,100000000.0,291420000.0,tt0161081
PG-13,60000000.0,38400000.0,tt0161083
,0.0,0.0,tt0161216
R,0.0,0.0,tt0161860
R,0.0,0.0,tt0162030
,0.0,0.0,tt0162203
PG-13,90000000.0,429632000.0,tt0162222
R,7000000.0,0.0,tt0162346
R,46000000.0,107626000.0,tt0162650
R,0.0,0.0,tt0162711
PG-13,60000000.0,51880000.0,tt0162983
,93000000.0,368781000.0,tt0163025
,0.0,0.0,tt0163080
,0.0,0.0,tt0163125
,0.0,0.0,tt0163246
,0.0,0.0,tt0163596
PG-13,15000000.0,5217500.0,tt0163676
R,1000000.0,0.0,tt0163745
,0.0,0.0,tt0163764
R,40000000.0,144057000.0,tt0163978
R,40000000.0,0.0,tt0163983
R,95000000.0,190213000.0,tt0164052
,0.0,0.0,tt0164182
,0.0,0.0,tt0164192
R,25000000.0,1308240.0,tt0164212
,0.0,0.0,tt0164318
R,60000000.0,105179000.0,tt0164334
,0.0,0.0,tt0164545
,0.0,0.0,tt0164953
R,0.0,13240800.0,tt0164961
,0.0,0.0,tt0165400
R,0.0,0.0,tt0165452
,0.0,0.0,tt0165642
,0.0,0.0,tt0165713
,0.0,0.0,tt0165800
R,0.0,0.0,tt0165928
R,25000000.0,91036800.0,tt0165929
,0.0,0.0,tt0166013
R,10000000.0,7316660.0,tt0166110
R,4000000.0,6718.0,tt0166158
,100.0,0.0,tt0166186
,0.0,0.0,tt0166192
PG-13,75000000.0,5409520.0,tt0166276
,100000.0,0.0,tt0166370
R,15000000.0,20271100.0,tt0166924
,0.0,0.0,tt0167183
PG-13,34000000.0,14400300.0,tt0167203
PG,0.0,0.0,tt0167360
,0.0,0.0,tt0168446
R,0.0,0.0,tt0168504
,0.0,0.0,tt0168509
R,10000.0,10000.0,tt0168612
R,12800000.0,40031900.0,tt0168629
,0.0,0.0,tt0168631
,0.0,0.0,tt0168714
,18000000.0,5595330.0,tt0168856
PG,5200000.0,8100000.0,tt0169102
,0.0,0.0,tt0169122
R,0.0,0.0,tt0169324
,0.0,0.0,tt0169543
NR,0.0,0.0,tt0170008
PG,123000000.0,345823000.0,tt0170016
,0.0,0.0,tt0170367
,0.0,0.0,tt0170452
R,10000000.0,148701.0,tt0170691
,0.0,0.0,tt0171339
R,10000000.0,1631840.0,tt0171356
R,2000000.0,1568750.0,tt0171359
PG-13,30000000.0,59945200.0,tt0171433
R,24000000.0,0.0,tt0171580
,0.0,0.0,tt0172464
R,103000000.0,465361000.0,tt0172495
,0.0,0.0,tt0172543
,0.0,0.0,tt0172632
,0.0,0.0,tt0172699
R,0.0,0.0,tt0172794
R,100000.0,0.0,tt0172949
,0.0,0.0,tt0172995
R,0.0,0.0,tt0173498
,0.0,0.0,tt0173568
R,10000000.0,0.0,tt0173716
PG-13,137000000.0,85131800.0,tt0173840
R,3000000.0,0.0,tt0174336
PG-13,65000000.0,0.0,tt0174480
,0.0,0.0,tt0174646
,0.0,0.0,tt0174732
,0.0,0.0,tt0175114
R,19000000.0,278020000.0,tt0175142
R,0.0,0.0,tt0175526
,0.0,0.0,tt0176244
R,0.0,0.0,tt0176579
R,0.0,0.0,tt0176650
R,14000000.0,5108820.0,tt0176783
PG,0.0,0.0,tt0176883
R,0.0,0.0,tt0177068
,0.0,0.0,tt0177185
,30000.0,0.0,tt0177195
,0.0,0.0,tt0177213
,0.0,0.0,tt0177513
PG-13,16000000.0,146193.0,tt0177650
,0.0,0.0,tt0177845
,0.0,0.0,tt0177858
,3000000.0,0.0,tt0177885
R,0.0,27.0,tt0177888
PG-13,120000000.0,325757000.0,tt0177971
,0.0,0.0,tt0177997
R,0.0,0.0,tt0178043
R,0.0,0.0,tt0178050
R,0.0,0.0,tt0178642
,0.0,0.0,tt0179144
R,11000000.0,0.0,tt0179183
R,0.0,0.0,tt0179344
,0.0,0.0,tt0179400
R,0.0,0.0,tt0179435
,0.0,0.0,tt0179443
R,4000000.0,0.0,tt0179473
R,60000000.0,56360000.0,tt0179626
,0.0,0.0,tt0179653
,0.0,0.0,tt0179861
,13500000.0,7060880.0,tt0180073
R,4500000.0,7390110.0,tt0180093
PG-13,0.0,0.0,tt0180679
,0.0,0.0,tt0180683
PG-13,32000000.0,40222700.0,tt0180734
R,60000000.0,0.0,tt0181151
,0.0,0.0,tt0181311
PG-13,43000000.0,80049800.0,tt0181536
PG,75000000.0,13596900.0,tt0181739
R,0.0,0.0,tt0181836
R,48000000.0,207516000.0,tt0181865
NR,60000000.0,47386300.0,tt0181875
,0.0,0.0,tt0181945
R,7000000.0,28780300.0,tt0181984
,13500000.0,794481.0,tt0182000
,0.0,0.0,tt0182027
,13000000.0,299792.0,tt0182295
,0.0,0.0,tt0182508
,0.0,0.0,tt0183056
,0.0,0.0,tt0183113
,0.0,0.0,tt0183142
R,0.0,0.0,tt0183280
,0.0,0.0,tt0183423
,0.0,0.0,tt0183488
R,51000000.0,149271000.0,tt0183505
PG,90000000.0,60874600.0,tt0183523
,0.0,0.0,tt0183550
,0.0,0.0,tt0183639
R,6000000.0,10994500.0,tt0183659
PG-13,65000000.0,117487000.0,tt0183790
,3500000.0,0.0,tt0183808
,10500000.0,64400000.0,tt0183869
,0.0,0.0,tt0184457
R,0.0,16017400.0,tt0184791
R,42000000.0,32169000.0,tt0184858
PG-13,55000000.0,99274500.0,tt0184894
PG,13000000.0,62464700.0,tt0184907
,0.0,537.0,tt0185007
R,35000000.0,0.0,tt0185014
PG-13,73000000.0,29000000.0,tt0185183
PG-13,85000000.0,58292300.0,tt0185431
,0.0,0.0,tt0185542
,0.0,0.0,tt0186029
PG-13,6000000.0,15427200.0,tt0186045
PG-13,31000000.0,68106200.0,tt0186151
,700000.0,0.0,tt0186183
PG-13,0.0,0.0,tt0186202
,0.0,0.0,tt0186454
R,0.0,0.0,tt0186549
PG-13,65000000.0,128884000.0,tt0186566
PG-13,11000000.0,13277000.0,tt0186589
,0.0,0.0,tt0186719
PG-13,35000000.0,36779300.0,tt0186894
PG-13,9000000.0,0.0,tt0186975
PG-13,90000000.0,237202000.0,tt0187078
PG-13,0.0,0.0,tt0187387
R,110000000.0,215294000.0,tt0187393
R,3000000.0,0.0,tt0187559
R,0.0,0.0,tt0187696
R,0.0,0.0,tt0187750
,0.0,0.0,tt0187761
,0.0,0.0,tt0187847
,10000000.0,0.0,tt0188045
,0.0,0.0,tt0188055
NR,0.0,46352.0,tt0188128
,10000000.0,0.0,tt0188160
R,13000000.0,0.0,tt0188453
,0.0,0.0,tt0188490
,0.0,0.0,tt0188518
,0.0,0.0,tt0188575
,0.0,0.0,tt0188688
PG,35000000.0,16176700.0,tt0189192
,0.0,0.0,tt0189456
,0.0,0.0,tt0189541
R,8000000.0,8279020.0,tt0189998
,0.0,0.0,tt0190052
R,41300000.0,106372000.0,tt0190138
,17000000.0,213526000.0,tt0190332
PG-13,35000000.0,15185200.0,tt0190374
PG,0.0,0.0,tt0190398
,0.0,0.0,tt0190449
PG-13,0.0,0.0,tt0190524
PG-13,26000000.0,71870700.0,tt0190590
,0.0,0.0,tt0190736
,0.0,0.0,tt0190861
PG-13,75000000.0,215664000.0,tt0190865
,0.0,0.0,tt0190994
R,0.0,14693.0,tt0191037
,0.0,0.0,tt0191177
,3500000.0,0.0,tt0191242
PG-13,50000000.0,50054500.0,tt0191397
,0.0,0.0,tt0191636
PG-13,43000000.0,6219890.0,tt0191754
,0.0,0.0,tt0191787
R,0.0,0.0,tt0191996
R,0.0,0.0,tt0192023
PG-13,22000000.0,0.0,tt0192071
PG-13,14000000.0,13127000.0,tt0192111
,0.0,0.0,tt0192126
,0.0,125734.0,tt0192237
G,35000000.0,27965900.0,tt0192255
,0.0,2061920.0,tt0192295
,0.0,0.0,tt0192346
R,0.0,0.0,tt0192455
PG-13,15000000.0,50802100.0,tt0192614
,0.0,0.0,tt0192719
R,14000000.0,38574400.0,tt0192731
NR,0.0,0.0,tt0192912
,0.0,0.0,tt0192949
,0.0,0.0,tt0193135
,0.0,0.0,tt0193318
R,0.0,0.0,tt0193364
,0.0,0.0,tt0193560
R,0.0,0.0,tt0193854
R,0.0,0.0,tt0193859
,0.0,0.0,tt0194104
R,1000000.0,779137.0,tt0194218
R,20000000.0,0.0,tt0194368
,0.0,0.0,tt0194410
,0.0,0.0,tt0194519
R,10000000.0,26330500.0,tt0195234
PG,1250000.0,0.0,tt0195308
,0.0,0.0,tt0195393
,0.0,0.0,tt0195631
,52000000.0,256271000.0,tt0195685
,23000000.0,112880000.0,tt0195714
PG-13,15000000.0,10873100.0,tt0195778
,500000.0,0.0,tt0195857
,0.0,0.0,tt0195860
,0.0,0.0,tt0195944
R,11000000.0,59827300.0,tt0195945
,0.0,0.0,tt0196068
,3000000.0,0.0,tt0196069
PG,4.0,1.0,tt0196106
R,7000000.0,0.0,tt0196158
PG,0.0,0.0,tt0196216
R,0.0,0.0,tt0196219
NR,0.0,0.0,tt0196223
PG-13,28000000.0,60781000.0,tt0196229
R,0.0,0.0,tt0196708
,20000000.0,0.0,tt0196723
,0.0,0.0,tt0197072
PG-13,0.0,0.0,tt0197096
,0.0,0.0,tt0197299
,0.0,26394.0,tt0197384
R,0.0,0.0,tt0197644
,0.0,0.0,tt0197646
R,4000000.0,0.0,tt0197750
R,0.0,0.0,tt0197753
,0.0,0.0,tt0197862
,0.0,0.0,tt0197929
,0.0,0.0,tt0197951
PG-13,15000000.0,33771200.0,tt0198021
R,0.0,0.0,tt0198284
PG-13,0.0,0.0,tt0198386
G,115000000.0,579708000.0,tt0198781
R,0.0,0.0,tt0198893
,0.0,0.0,tt0198903
R,0.0,0.0,tt0199129
R,6000000.0,9000000.0,tt0199290
R,0.0,802951.0,tt0199314
,15000000.0,0.0,tt0199481
,0.0,0.0,tt0199504
R,2000000.0,0.0,tt0199650
PG-13,20000000.0,27728100.0,tt0199725
,0.0,0.0,tt0199727
,0.0,0.0,tt0199744
PG-13,80000000.0,33464000.0,tt0199753
,0.0,0.0,tt0199898
R,0.0,0.0,tt0199974
PG-13,48000000.0,35743300.0,tt0200027
,0.0,0.0,tt0200171
,0.0,0.0,tt0200192
,0.0,0.0,tt0200422
R,0.0,0.0,tt0200427
,0.0,0.0,tt0200472
,0.0,0.0,tt0200483
R,0.0,0.0,tt0200530
PG-13,45000000.0,113916000.0,tt0200550
R,15000000.0,5753680.0,tt0200669
,10000000.0,5164400.0,tt0200720
,0.0,0.0,tt0200954
PG-13,0.0,0.0,tt0201020
R,6000000.0,0.0,tt0201394
,0.0,0.0,tt0201479
PG-13,0.0,0.0,tt0201485
,0.0,0.0,tt0201670
,0.0,0.0,tt0201694
R,0.0,0.0,tt0201726
,0.0,0.0,tt0201737
,0.0,0.0,tt0201888
PG-13,0.0,0.0,tt0201899
,0.0,0.0,tt0201901
,0.0,0.0,tt0202236
,0.0,0.0,tt0202294
,0.0,0.0,tt0202314
PG-13,15000000.0,9902120.0,tt0202402
,0.0,0.0,tt0202452
R,57000000.0,19334100.0,tt0202470
,0.0,0.0,tt0202560
,0.0,0.0,tt0202641
R,8500000.0,19125400.0,tt0202677
,0.0,0.0,tt0202711
,0.0,0.0,tt0202856
R,0.0,0.0,tt0202989
PG-13,52500000.0,179213000.0,tt0203009
R,32000000.0,82343500.0,tt0203019
,0.0,0.0,tt0203047
,0.0,0.0,tt0203053
,0.0,0.0,tt0203078
R,5000000.0,0.0,tt0203119
R,0.0,0.0,tt0203166
R,0.0,0.0,tt0203230
,250000.0,0.0,tt0203289
,0.0,0.0,tt0203297
R,0.0,1443070.0,tt0203540
,0.0,0.0,tt0203580
,0.0,0.0,tt0203632
R,0.0,0.0,tt0203755
R,0.0,0.0,tt0203830
,0.0,0.0,tt0203835
,0.0,0.0,tt0203940
R,3300000.0,0.0,tt0203975
,3600000.0,43805.0,tt0204137
PG-13,16000000.0,20627400.0,tt0204175
R,1200000.0,1404.0,tt0204350
,0.0,0.0,tt0204382
,0.0,0.0,tt0204619
R,33000000.0,0.0,tt0204626
,0.0,1079730.0,tt0204640
,0.0,0.0,tt0204698
NR,0.0,9200.0,tt0204700
,0.0,0.0,tt0204885
,0.0,0.0,tt0204932
,0.0,0.0,tt0204933
PG-13,28000000.0,90449900.0,tt0204946
,0.0,0.0,tt0205177
R,23000000.0,22844300.0,tt0205271
R,0.0,0.0,tt0205418
G,19000000.0,19748000.0,tt0205461
,0.0,0.0,tt0205498
,0.0,0.0,tt0205526
,0.0,0.0,tt0205729
,0.0,0.0,tt0205778
PG-13,0.0,0.0,tt0205873
,500000.0,0.0,tt0205936
,0.0,0.0,tt0206075
,0.0,0.0,tt0206088
,0.0,0.0,tt0206113
,0.0,0.0,tt0206184
,0.0,0.0,tt0206223
NR,1500000.0,268117.0,tt0206226
PG-13,13000000.0,131707000.0,tt0206275
R,23000000.0,36642800.0,tt0206314
G,0.0,628387.0,tt0206367
R,8000000.0,0.0,tt0206420
,0.0,0.0,tt0206545
,0.0,0.0,tt0206608
,0.0,0.0,tt0206694
,0.0,0.0,tt0206742
,0.0,0.0,tt0206762
,20170000.0,1800000.0,tt0206917
R,0.0,0.0,tt0206926
R,5250000.0,595005.0,tt0206963
R,0.0,0.0,tt0207036
PG,0.0,0.0,tt0207161
,0.0,0.0,tt0207163
,0.0,0.0,tt0207198
PG-13,70000000.0,374112000.0,tt0207201
,0.0,0.0,tt0207333
,0.0,0.0,tt0207377
,0.0,0.0,tt0207501
R,7300000.0,0.0,tt0207524
PG,0.0,0.0,tt0207585
,0.0,0.0,tt0207631
,0.0,0.0,tt0207638
,0.0,0.0,tt0207745
,0.0,0.0,tt0207988
PG-13,30000000.0,173959000.0,tt0208003
,0.0,0.0,tt0208017
R,0.0,0.0,tt0208037
,0.0,0.0,tt0208050
R,10000000.0,83557900.0,tt0208092
R,0.0,688510.0,tt0208196
,0.0,0.0,tt0208204
G,0.0,0.0,tt0208298
,0.0,0.0,tt0208870
R,20000000.0,22429000.0,tt0208874
,0.0,0.0,tt0208883
,0.0,0.0,tt0208889
PG-13,0.0,0.0,tt0208899
R,0.0,0.0,tt0208911
,0.0,0.0,tt0208942
R,63600000.0,19413000.0,tt0208988
R,0.0,0.0,tt0208990
,0.0,0.0,tt0208993
,0.0,0.0,tt0209020
R,0.0,0.0,tt0209037
,0.0,0.0,tt0209109
R,9000000.0,39723100.0,tt0209144
PG-13,98000000.0,443281000.0,tt0209163
,0.0,0.0,tt0209180
,0.0,0.0,tt0209253
,0.0,0.0,tt0209279
R,0.0,0.0,tt0209322
PG-13,35000000.0,94728500.0,tt0209475
,0.0,0.0,tt0209486
,0.0,0.0,tt0209941
R,33000000.0,104156000.0,tt0209958
,0.0,30915.0,tt0210065
R,5000000.0,0.0,tt0210070
,0.0,0.0,tt0210075
R,15000000.0,0.0,tt0210094
,0.0,0.0,tt0210149
PG-13,0.0,0.0,tt0210299
PG,0.0,0.0,tt0210357
PG-13,0.0,1433670.0,tt0210358
,0.0,0.0,tt0210362
R,16000000.0,109130.0,tt0210382
PG-13,0.0,0.0,tt0210567
PG-13,0.0,0.0,tt0210584
PG-13,29000000.0,26385900.0,tt0210616
,0.0,0.0,tt0210756
,0.0,0.0,tt0210930
PG,30000000.0,136707000.0,tt0210945
,0.0,0.0,tt0210952
G,85000000.0,183612000.0,tt0211181
,0.0,0.0,tt0211309
,0.0,0.0,tt0211387
R,11000000.0,16951800.0,tt0211443
R,15000000.0,12000000.0,tt0211465
,1864750.0,0.0,tt0211492
,0.0,0.0,tt0211661
,0.0,124994.0,tt0211718
R,10000000.0,173922000.0,tt0211915
,0.0,0.0,tt0211919
R,35000000.0,0.0,tt0211938
R,0.0,0.0,tt0211941
,0.0,0.0,tt0212048
R,2500000.0,0.0,tt0212059
,0.0,0.0,tt0212215
R,0.0,0.0,tt0212271
,0.0,0.0,tt0212292
,0.0,0.0,tt0212294
PG-13,55000000.0,330444000.0,tt0212338
PG-13,45000000.0,212000000.0,tt0212346
R,0.0,637769.0,tt0212380
,0.0,0.0,tt0212495
R,0.0,0.0,tt0212604
,0.0,0.0,tt0212667
,0.0,0.0,tt0212719
PG-13,100000000.0,235927000.0,tt0212720
R,0.0,0.0,tt0212742
,0.0,512451.0,tt0212815
,0.0,0.0,tt0212826
R,5000000.0,0.0,tt0212830
,0.0,0.0,tt0212867
R,500000.0,0.0,tt0212879
,0.0,0.0,tt0212881
PG,0.0,0.0,tt0212910
R,0.0,0.0,tt0212974
R,87000000.0,351692000.0,tt0212985
,0.0,0.0,tt0213113
R,0.0,0.0,tt0213127
PG-13,140000000.0,449221000.0,tt0213149
G,30000000.0,103291000.0,tt0213203
,0.0,0.0,tt0213205
,0.0,0.0,tt0213446
,0.0,0.0,tt0213561
,2000000.0,0.0,tt0213642
,0.0,0.0,tt0213690
R,24000000.0,13700000.0,tt0213790
R,0.0,0.0,tt0213802
R,0.0,14493300.0,tt0213847
PG,4000000.0,0.0,tt0213890
,0.0,0.0,tt0214032
R,0.0,0.0,tt0214106
,0.0,0.0,tt0214140
,4500000.0,0.0,tt0214277
R,0.0,0.0,tt0214388
,0.0,0.0,tt0214520
,0.0,0.0,tt0214529
,0.0,0.0,tt0214548
,0.0,0.0,tt0214619
NC-17,0.0,0.0,tt0214638
,0.0,0.0,tt0214646
,0.0,0.0,tt0214728
Unrated,0.0,0.0,tt0214757
,3000000.0,0.0,tt0214871
,0.0,0.0,tt0214878
R,16000000.0,119754000.0,tt0215129
R,2300000.0,0.0,tt0215135
,0.0,0.0,tt0215139
,0.0,0.0,tt0215223
R,0.0,0.0,tt0215232
,0.0,0.0,tt0215458
R,0.0,0.0,tt0215516
,0.0,0.0,tt0215519
R,0.0,0.0,tt0215545
,0.0,0.0,tt0215679
,0.0,0.0,tt0215681
,0.0,0.0,tt0215727
R,68000000.0,96976300.0,tt0215750
,0.0,0.0,tt0215841
,0.0,0.0,tt0215941
R,0.0,0.0,tt0216105
R,0.0,0.0,tt0216196
PG-13,82000000.0,96085500.0,tt0216216
,0.0,0.0,tt0216279
,0.0,0.0,tt0216417
,0.0,0.0,tt0216522
,0.0,0.0,tt0216578
,0.0,0.0,tt0216587
R,2500000.0,0.0,tt0216620
,0.0,95242.0,tt0216625
R,0.0,151086.0,tt0216651
,0.0,0.0,tt0216669
,0.0,0.0,tt0216689
R,0.0,0.0,tt0216772
,0.0,0.0,tt0216787
,0.0,0.0,tt0216799
,0.0,3818450.0,tt0216800
,6850000.0,0.0,tt0216841
,0.0,0.0,tt0216890
R,0.0,0.0,tt0216930
,0.0,0.0,tt0216982
,0.0,0.0,tt0216990
,0.0,0.0,tt0217019
R,0.0,0.0,tt0217086
R,200000.0,1160270.0,tt0217107
,0.0,0.0,tt0217119
,0.0,0.0,tt0217135
,0.0,0.0,tt0217287
R,0.0,0.0,tt0217331
R,0.0,0.0,tt0217355
,0.0,0.0,tt0217570
R,0.0,0.0,tt0217621
PG-13,0.0,0.0,tt0217630
,0.0,0.0,tt0217654
,0.0,0.0,tt0217686
PG-13,24000000.0,12372400.0,tt0217756
,0.0,0.0,tt0217758
,0.0,0.0,tt0217780
,0.0,4275.0,tt0217788
,0.0,0.0,tt0217824
PG-13,75000000.0,248118000.0,tt0217869
R,0.0,0.0,tt0217978
R,0.0,0.0,tt0217979
,500000.0,0.0,tt0218000
PG,0.0,0.0,tt0218032
R,0.0,0.0,tt0218053
,0.0,0.0,tt0218067
R,0.0,0.0,tt0218080
NR,0.0,0.0,tt0218107
,0.0,0.0,tt0218112
,0.0,0.0,tt0218126
,1000000.0,0.0,tt0218138
,0.0,0.0,tt0218141
R,0.0,0.0,tt0218182
NR,0.0,0.0,tt0218298
,0.0,0.0,tt0218323
R,0.0,0.0,tt0218378
,0.0,0.0,tt0218379
,0.0,0.0,tt0218426
,0.0,0.0,tt0218475
,0.0,0.0,tt0218533
,0.0,0.0,tt0218581
,0.0,0.0,tt0218616
PG-13,17000000.0,4299140.0,tt0218619
PG-13,250000.0,0.0,tt0218625
,0.0,0.0,tt0218641
,0.0,0.0,tt0218741
,0.0,0.0,tt0218800
PG-13,30000000.0,18195600.0,tt0218817
PG-13,0.0,0.0,tt0218839
R,42000000.0,35402300.0,tt0218922
PG-13,60000000.0,124700000.0,tt0218967
R,0.0,0.0,tt0218978
,0.0,0.0,tt0219210
,0.0,0.0,tt0219214
,0.0,0.0,tt0219223
,0.0,0.0,tt0219288
,0.0,0.0,tt0219327
,0.0,0.0,tt0219333
,0.0,0.0,tt0219336
,0.0,0.0,tt0219338
PG-13,0.0,0.0,tt0219408
,0.0,0.0,tt0219469
,0.0,0.0,tt0219519
R,850000.0,0.0,tt0219636
R,0.0,0.0,tt0219640
,0.0,0.0,tt0219643
R,28000000.0,47053600.0,tt0219653
PG-13,0.0,86000.0,tt0219687
R,10000000.0,12008600.0,tt0219699
R,6000000.0,1600000.0,tt0219822
PG,65000000.0,110318000.0,tt0219854
R,65000000.0,0.0,tt0219952
R,0.0,0.0,tt0219957
PG-13,75000000.0,67631900.0,tt0219965
NR,0.0,0.0,tt0220005
,0.0,0.0,tt0220034
G,30000000.0,45554500.0,tt0220099
R,4000000.0,0.0,tt0220100
NR,0.0,0.0,tt0220122
,0.0,0.0,tt0220157
,0.0,0.0,tt0220331
,0.0,0.0,tt0220332
,0.0,0.0,tt0220399
,0.0,0.0,tt0220514
R,0.0,1864180.0,tt0220580
,0.0,0.0,tt0220627
,0.0,0.0,tt0220631
,0.0,0.0,tt0220651
,0.0,0.0,tt0220652
R,4000000.0,0.0,tt0220827
,0.0,0.0,tt0220864
R,53000000.0,83282300.0,tt0221027
R,0.0,0.0,tt0221069
R,0.0,236185.0,tt0221073
PG,3000000.0,0.0,tt0221074
,0.0,0.0,tt0221197
PG-13,30000000.0,23619600.0,tt0221218
,0.0,0.0,tt0221297
,0.0,0.0,tt0221431
R,7000000.0,0.0,tt0221559
,0.0,0.0,tt0221563
PG-13,0.0,850225.0,tt0221799
,0.0,0.0,tt0221823
,0.0,0.0,tt0221837
,0.0,0.0,tt0221838
,0.0,0.0,tt0221885
R,0.0,313768.0,tt0221889
,0.0,676805.0,tt0221928
,0.0,0.0,tt0221982
PG-13,3900000.0,4900000.0,tt0222012
,0.0,0.0,tt0222020
,0.0,0.0,tt0222023
,0.0,0.0,tt0222270
,0.0,0.0,tt0222293
,6000000.0,0.0,tt0222375
,0.0,0.0,tt0222666
,0.0,0.0,tt0222705
NC-17,0.0,0.0,tt0222717
R,1000000.0,1744860.0,tt0222850
R,12000000.0,15250000.0,tt0222851
,0.0,0.0,tt0222989
,0.0,0.0,tt0223268
R,0.0,0.0,tt0223284
,0.0,10000000.0,tt0223593
R,0.0,0.0,tt0223744
,0.0,0.0,tt0223856
R,0.0,0.0,tt0223889
PG-13,40000000.0,55707400.0,tt0223897
,0.0,0.0,tt0223911
R,0.0,0.0,tt0223954
,0.0,0.0,tt0224050
,0.0,0.0,tt0224084
R,0.0,0.0,tt0224086
,0.0,0.0,tt0224394
PG-13,0.0,0.0,tt0224578
R,0.0,0.0,tt0224626
,0.0,0.0,tt0224755
R,53000000.0,29700000.0,tt0225071
,0.0,0.0,tt0225196
R,0.0,0.0,tt0225828
R,0.0,0.0,tt0226094
,0.0,0.0,tt0226198
,0.0,0.0,tt0226225
,0.0,0.0,tt0226238
,0.0,0.0,tt0226351
,0.0,0.0,tt0226430
NR,0.0,0.0,tt0226498
,0.0,0.0,tt0226708
,0.0,0.0,tt0226935
R,5000000.0,5476060.0,tt0227005
,5200000.0,5900000.0,tt0227194
,0.0,0.0,tt0227200
,0.0,0.0,tt0227224
R,0.0,0.0,tt0227277
R,68000000.0,113580000.0,tt0227445
,0.0,0.0,tt0227458
PG,35000000.0,147934000.0,tt0227538
R,27000000.0,12881600.0,tt0227984
,0.0,0.0,tt0228004
,0.0,0.0,tt0228054
,0.0,0.0,tt0228121
,0.0,0.0,tt0228180
,0.0,0.0,tt0228242
,500000.0,0.0,tt0228277
R,28000000.0,14010800.0,tt0228333
,0.0,0.0,tt0228488
,0.0,0.0,tt0228525
,0.0,0.0,tt0228536
,0.0,0.0,tt0228687
,0.0,0.0,tt0228690
,0.0,0.0,tt0228711
PG,0.0,0.0,tt0228720
R,65000000.0,0.0,tt0228750
R,2365000.0,0.0,tt0228786
,0.0,0.0,tt0228871
R,0.0,0.0,tt0228878
,0.0,0.0,tt0228891
R,0.0,0.0,tt0228977
,0.0,0.0,tt0228982
,0.0,0.0,tt0228992
,0.0,0.0,tt0229002
,0.0,0.0,tt0229003
,0.0,0.0,tt0229021
,0.0,0.0,tt0229211
,0.0,0.0,tt0229226
R,15000000.0,47737100.0,tt0229260
R,2000000.0,1075500.0,tt0229340
R,0.0,0.0,tt0229362
,0.0,0.0,tt0229664
,0.0,0.0,tt0229752
,0.0,0.0,tt0229942
PG,120000000.0,186054000.0,tt0230011
R,0.0,0.0,tt0230025
PG-13,48000000.0,90383200.0,tt0230030
,0.0,5708.0,tt0230169
,0.0,0.0,tt0230183
,0.0,0.0,tt0230189
,0.0,0.0,tt0230252
,0.0,0.0,tt0230308
PG-13,17000000.0,209947000.0,tt0230600
,0.0,0.0,tt0230631
,0.0,0.0,tt0230783
PG-13,40000000.0,65754200.0,tt0230838
,6000000.0,0.0,tt0231001
,0.0,0.0,tt0231138
,0.0,0.0,tt0231153
PG,21150000.0,39438700.0,tt0231402
,0.0,0.0,tt0231496
,0.0,0.0,tt0231615
PG-13,49000000.0,71186500.0,tt0231775
NR,0.0,0.0,tt0231781
,0.0,0.0,tt0231956
,0.0,0.0,tt0231971
,0.0,0.0,tt0232015
,0.0,0.0,tt0232079
,0.0,0.0,tt0232083
,0.0,0.0,tt0232098
,0.0,0.0,tt0232231
,0.0,0.0,tt0232465
PG-13,38000000.0,207284000.0,tt0232500
R,0.0,0.0,tt0232657
NR,0.0,0.0,tt0232957
R,62000000.0,18720200.0,tt0233142
,0.0,0.0,tt0233289
,0.0,0.0,tt0233402
,0.0,0.0,tt0233481
R,0.0,0.0,tt0233569
,0.0,0.0,tt0233600
,0.0,0.0,tt0233656
PG-13,0.0,112521.0,tt0233699
,0.0,0.0,tt0233764
PG,0.0,0.0,tt0233841
,0.0,0.0,tt0233910
,0.0,0.0,tt0233954
,0.0,0.0,tt0234000
,0.0,0.0,tt0234058
,0.0,580372.0,tt0234137
,0.0,0.0,tt0234288
R,6000000.0,2025240.0,tt0234354
,0.0,0.0,tt0234393
,0.0,0.0,tt0234407
,0.0,0.0,tt0234499
PG,0.0,0.0,tt0234570
,3000000.0,0.0,tt0234652
,0.0,0.0,tt0234663
,0.0,671565.0,tt0234805
,0.0,0.0,tt0234811
PG-13,34000000.0,19693900.0,tt0234829
,0.0,0.0,tt0234837
R,0.0,4.0,tt0234853
,0.0,0.0,tt0235079
R,0.0,0.0,tt0235252
R,0.0,0.0,tt0235353
,0.0,0.0,tt0235412
,0.0,645417.0,tt0235497
,0.0,0.0,tt0235547
,0.0,0.0,tt0235606
,0.0,0.0,tt0235618
G,16000000.0,68411300.0,tt0235679
NR,6000000.0,0.0,tt0235712
,0.0,0.0,tt0235807
,0.0,0.0,tt0235953
,0.0,0.0,tt0235982
,0.0,0.0,tt0236019
,0.0,0.0,tt0236026
,0.0,0.0,tt0236027
,0.0,0.0,tt0236034
R,0.0,0.0,tt0236126
R,0.0,0.0,tt0236157
,0.0,0.0,tt0236167
PG-13,22000000.0,0.0,tt0236348
,0.0,0.0,tt0236432
,0.0,0.0,tt0236474
R,57000000.0,147845000.0,tt0236493
,0.0,0.0,tt0236502
,0.0,0.0,tt0236551
,0.0,0.0,tt0236600
R,0.0,0.0,tt0236640
R,21000000.0,28008500.0,tt0236784
,0.0,0.0,tt0237121
,0.0,0.0,tt0237289
,5000.0,0.0,tt0237295
,10000.0,0.0,tt0237320
R,29000000.0,70752900.0,tt0237534
,0.0,8478430.0,tt0237539
R,35000000.0,29419300.0,tt0237572
,1850000.0,0.0,tt0237680
,0.0,0.0,tt0237687
R,0.0,0.0,tt0237706
,0.0,0.0,tt0237865
,0.0,0.0,tt0237994
R,57000000.0,62112900.0,tt0238112
,0.0,0.0,tt0238119
R,0.0,0.0,tt0238137
PG,0.0,0.0,tt0238247
,0.0,0.0,tt0238251
,0.0,0.0,tt0238274
,0.0,0.0,tt0238276
,0.0,0.0,tt0238295
R,0.0,47027.0,tt0238321
,0.0,0.0,tt0238463
,0.0,0.0,tt0238474
R,17000000.0,894844.0,tt0238552
PG,0.0,0.0,tt0238588
R,0.0,0.0,tt0238627
,0.0,0.0,tt0238649
PG,0.0,0.0,tt0238660
,0.0,0.0,tt0238743
,1500000.0,1080000.0,tt0238883
,0.0,1805880.0,tt0238891
PG-13,24000000.0,31600000.0,tt0238948
,0.0,0.0,tt0238994
,0.0,0.0,tt0239020
,0.0,0.0,tt0239060
,0.0,0.0,tt0239224
PG-13,0.0,0.0,tt0239234
,0.0,0.0,tt0239238
,0.0,0.0,tt0239267
NR,0.0,126783.0,tt0239381
,0.0,0.0,tt0239388
PG,60000000.0,93375200.0,tt0239395
,0.0,0.0,tt0239406
,0.0,0.0,tt0239431
,0.0,0.0,tt0239450
,0.0,0.0,tt0239467
,0.0,0.0,tt0239509
,0.0,0.0,tt0239522
,0.0,0.0,tt0239570
,0.0,0.0,tt0239670
,0.0,0.0,tt0239792
PG-13,22000000.0,19351600.0,tt0239948
R,25000000.0,12320400.0,tt0239949
,0.0,0.0,tt0239955
R,1000000.0,2402460.0,tt0239986
PG-13,0.0,0.0,tt0240122
,0.0,0.0,tt0240149
,0.0,0.0,tt0240156
,0.0,0.0,tt0240389
,0.0,0.0,tt0240400
,0.0,0.0,tt0240402
R,0.0,0.0,tt0240419
PG,70000000.0,176104000.0,tt0240462
R,0.0,0.0,tt0240500
,0.0,0.0,tt0240509
R,14000000.0,14343000.0,tt0240515
,0.0,0.0,tt0240585
,0.0,0.0,tt0240659
PG-13,85000000.0,450717000.0,tt0240772
,0.0,0.0,tt0240880
PG-13,28000000.0,77516300.0,tt0240890
NR,0.0,0.0,tt0240913
,0.0,0.0,tt0241079
,0.0,0.0,tt0241142
NR,0.0,0.0,tt0241223
,0.0,0.0,tt0241254
,0.0,0.0,tt0241272
PG-13,25000000.0,152500000.0,tt0241303
,0.0,0.0,tt0241355
,0.0,0.0,tt0241498
,0.0,0.0,tt0241526
PG,125000000.0,976476000.0,tt0241527
,0.0,0.0,tt0241657
,0.0,0.0,tt0241683
,0.0,0.0,tt0241897
,0.0,0.0,tt0242024
R,100000.0,5000000.0,tt0242150
R,0.0,480811.0,tt0242193
R,30000000.0,1198110.0,tt0242252
,0.0,0.0,tt0242337
,0.0,0.0,tt0242380
PG-13,13000000.0,73180700.0,tt0242423
R,50000000.0,79958600.0,tt0242445
,0.0,0.0,tt0242460
R,0.0,0.0,tt0242508
,0.0,0.0,tt0242519
R,0.0,7819850.0,tt0242527
,500000.0,500000.0,tt0242572
R,700000.0,1667190.0,tt0242587
,0.0,0.0,tt0242592
R,0.0,0.0,tt0242716
,0.0,0.0,tt0242746
NR,0.0,326484.0,tt0242795
,0.0,0.0,tt0242994
R,10000000.0,16300000.0,tt0242998
R,0.0,3176880.0,tt0243017
,0.0,0.0,tt0243059
R,20000000.0,0.0,tt0243133
,0.0,0.0,tt0243135
R,25000000.0,281930000.0,tt0243155
,0.0,0.0,tt0243171
,0.0,0.0,tt0243196
,0.0,0.0,tt0243210
,0.0,0.0,tt0243222
R,0.0,0.0,tt0243232
NR,0.0,0.0,tt0243255
,0.0,0.0,tt0243278
,0.0,0.0,tt0243327
PG-13,600000.0,173599.0,tt0243415
,0.0,0.0,tt0243441
,0.0,0.0,tt0243452
,0.0,0.0,tt0243483
,0.0,0.0,tt0243493
NR,0.0,0.0,tt0243508
R,2000000.0,0.0,tt0243554
,0.0,0.0,tt0243575
R,0.0,0.0,tt0243595
R,14000000.0,0.0,tt0243609
R,0.0,0.0,tt0243650
,5000000.0,295206.0,tt0243655
,0.0,0.0,tt0243759
,0.0,0.0,tt0243876
R,0.0,0.0,tt0243885
,0.0,0.0,tt0243889
PG-13,0.0,0.0,tt0243892
,0.0,0.0,tt0243907
,0.0,0.0,tt0243927
R,0.0,0.0,tt0243931
R,8000000.0,0.0,tt0243991
PG-13,35000000.0,13678900.0,tt0244000
,0.0,0.0,tt0244071
,0.0,0.0,tt0244092
,0.0,0.0,tt0244094
,0.0,0.0,tt0244095
R,0.0,0.0,tt0244196
R,102000000.0,147080000.0,tt0244244
,0.0,0.0,tt0244297
,0.0,0.0,tt0244316
,0.0,0.0,tt0244417
,0.0,0.0,tt0244437
,0.0,0.0,tt0244452
R,5000000.0,0.0,tt0244479
,1900000.0,560943.0,tt0244504
R,0.0,0.0,tt0244684
,5000000.0,0.0,tt0244709
,0.0,0.0,tt0244803
,1000000.0,0.0,tt0244870
,0.0,0.0,tt0244884
PG-13,0.0,0.0,tt0244941
PG-13,23000000.0,38689900.0,tt0244970
,0.0,0.0,tt0245036
PG-13,0.0,741394.0,tt0245046
,0.0,0.0,tt0245062
R,7500000.0,0.0,tt0245090
R,0.0,0.0,tt0245095
R,0.0,0.0,tt0245115
R,5000000.0,0.0,tt0245120
,0.0,0.0,tt0245157
,0.0,0.0,tt0245171
R,0.0,0.0,tt0245238
,0.0,0.0,tt0245276
,0.0,0.0,tt0245299
R,0.0,0.0,tt0245317
,0.0,0.0,tt0245348
NR,0.0,0.0,tt0245350
R,0.0,0.0,tt0245356
,0.0,0.0,tt0245407
PG,19000000.0,274925000.0,tt0245429
,0.0,0.0,tt0245501
NR,5000000.0,33616700.0,tt0245574
,0.0,0.0,tt0245582
,0.0,0.0,tt0245634
R,42000000.0,68468000.0,tt0245674
PG-13,17700000.0,30987700.0,tt0245686
R,2000000.0,20908500.0,tt0245712
,0.0,0.0,tt0245724
,0.0,0.0,tt0245759
,0.0,0.0,tt0245799
,0.0,0.0,tt0245825
,0.0,0.0,tt0245837
,0.0,0.0,tt0245866
PG,0.0,1.0,tt0245891
,0.0,0.0,tt0245904
,0.0,0.0,tt0245905
,0.0,0.0,tt0245910
,0.0,0.0,tt0245929
,0.0,0.0,tt0246000
PG,0.0,0.0,tt0246002
R,0.0,0.0,tt0246037
R,0.0,0.0,tt0246072
,0.0,0.0,tt0246108
NR,0.0,0.0,tt0246124
,0.0,0.0,tt0246134
,0.0,0.0,tt0246146
,0.0,0.0,tt0246197
R,0.0,0.0,tt0246228
,0.0,0.0,tt0246266
,0.0,0.0,tt0246268
,0.0,0.0,tt0246278
,600000.0,0.0,tt0246323
R,0.0,0.0,tt0246332
,0.0,0.0,tt0246405
,0.0,0.0,tt0246411
,0.0,0.0,tt0246498
R,9000000.0,252706.0,tt0246500
,0.0,0.0,tt0246514
PG-13,40000000.0,27053800.0,tt0246544
,6000000.0,7500000.0,tt0246578
,0.0,0.0,tt0246593
,0.0,0.0,tt0246628
,0.0,0.0,tt0246730
,0.0,0.0,tt0246765
,0.0,4160480.0,tt0246772
,0.0,0.0,tt0246776
,0.0,0.0,tt0246870
,0.0,0.0,tt0246875
,0.0,0.0,tt0246906
PG-13,0.0,0.0,tt0246965
R,11000000.0,23430800.0,tt0246989
,0.0,0.0,tt0247133
,0.0,0.0,tt0247153
R,0.0,8524530.0,tt0247196
R,1500000.0,1309320.0,tt0247199
R,15000000.0,163169.0,tt0247303
,0.0,0.0,tt0247419
R,1700000.0,0.0,tt0247425
,0.0,0.0,tt0247427
R,0.0,0.0,tt0247512
R,1300000.0,12413900.0,tt0247586
G,37000000.0,165335000.0,tt0247638
,3000000.0,0.0,tt0247645
R,1200000.0,18492400.0,tt0247745
,4000000.0,0.0,tt0247786
,0.0,0.0,tt0247796
,0.0,0.0,tt0247823
,0.0,0.0,tt0247887
,0.0,0.0,tt0247953
,0.0,0.0,tt0247992
,0.0,0.0,tt0248099
,3000000.0,0.0,tt0248103
,0.0,0.0,tt0248126
,200000.0,0.0,tt0248164
,0.0,0.0,tt0248180
,0.0,0.0,tt0248185
,0.0,0.0,tt0248190
,0.0,0.0,tt0248254
,0.0,0.0,tt0248409
,0.0,0.0,tt0248617
,0.0,0.0,tt0248628
NR,0.0,0.0,tt0248661
,107000000.0,87713800.0,tt0248667
R,0.0,0.0,tt0248742
R,0.0,0.0,tt0248845
,0.0,0.0,tt0248925
,0.0,0.0,tt0248966
,0.0,0.0,tt0249081
,0.0,0.0,tt0249082
,0.0,0.0,tt0249086
,0.0,0.0,tt0249110
,0.0,0.0,tt0249172
,0.0,0.0,tt0249238
,0.0,25461.0,tt0249241
,0.0,0.0,tt0249261
R,17000000.0,19000000.0,tt0249371
,0.0,940944.0,tt0249380
,0.0,0.0,tt0249412
,0.0,0.0,tt0249443
PG-13,5000000.0,109280000.0,tt0249462
PG-13,75000000.0,54249300.0,tt0249478
,3000000.0,0.0,tt0249511
NR,0.0,0.0,tt0249538
,0.0,0.0,tt0249624
,0.0,0.0,tt0249757
,0.0,0.0,tt0249868
R,0.0,0.0,tt0249892
PG-13,0.0,0.0,tt0249893
R,0.0,0.0,tt0250081
,0.0,0.0,tt0250125
R,0.0,1051950.0,tt0250202
,0.0,0.0,tt0250214
PG-13,13000000.0,16929100.0,tt0250224
,0.0,13782900.0,tt0250258
R,0.0,0.0,tt0250274
,0.0,28149.0,tt0250282
PG-13,11000000.0,23978400.0,tt0250310
,0.0,0.0,tt0250313
R,3000000.0,10031500.0,tt0250323
,0.0,0.0,tt0250343
R,0.0,0.0,tt0250347
,7000000.0,4720370.0,tt0250371
,0.0,12000000.0,tt0250415
,0.0,0.0,tt0250445
,0.0,0.0,tt0250451
NR,0.0,0.0,tt0250478
,0.0,0.0,tt0250485
,0.0,0.0,tt0250491
PG-13,18000000.0,141775000.0,tt0250494
R,0.0,0.0,tt0250613
R,0.0,0.0,tt0250617
,0.0,0.0,tt0250625
,0.0,0.0,tt0250636
,48000000.0,85498500.0,tt0250687
,0.0,0.0,tt0250690
,0.0,0.0,tt0250716
PG,0.0,0.0,tt0250720
,0.0,0.0,tt0250774
,0.0,0.0,tt0250944
,0.0,0.0,tt0251004
,0.0,0.0,tt0251005
,0.0,0.0,tt0251031
,0.0,0.0,tt0251046
,0.0,0.0,tt0251052
,0.0,0.0,tt0251054
R,0.0,0.0,tt0251057
PG-13,80000000.0,98376300.0,tt0251075
,0.0,0.0,tt0251091
,0.0,0.0,tt0251094
R,0.0,0.0,tt0251110
,0.0,0.0,tt0251174
,0.0,32395.0,tt0251191
,0.0,0.0,tt0251193
,0.0,0.0,tt0251272
,0.0,0.0,tt0251294
,0.0,0.0,tt0251309
,0.0,0.0,tt0251353
,0.0,0.0,tt0251364
,0.0,0.0,tt0251369
,0.0,0.0,tt0251370
R,0.0,0.0,tt0251412
R,0.0,0.0,tt0251415
,0.0,0.0,tt0251422
,0.0,0.0,tt0251433
,0.0,0.0,tt0251661
,0.0,0.0,tt0251696
,2300000.0,10000000.0,tt0251756
PG-13,15000000.0,23000.0,tt0252223
,0.0,0.0,tt0252225
,2.0,0.0,tt0252253
R,15000000.0,0.0,tt0252299
,0.0,0.0,tt0252327
,0.0,0.0,tt0252335
R,0.0,0.0,tt0252445
,0.0,0.0,tt0252480
PG-13,31000000.0,24185800.0,tt0252501
R,35000000.0,28500000.0,tt0252503
,0.0,0.0,tt0252684
,0.0,0.0,tt0252703
R,30000000.0,287554000.0,tt0252866
,0.0,0.0,tt0252884
,0.0,0.0,tt0252963
,0.0,0.0,tt0252985
,0.0,0.0,tt0253056
,0.0,0.0,tt0253063
,0.0,0.0,tt0253104
R,0.0,0.0,tt0253110
R,250000.0,0.0,tt0253114
R,0.0,0.0,tt0253126
PG-13,0.0,0.0,tt0253200
,0.0,0.0,tt0253314
,0.0,0.0,tt0253335
,0.0,0.0,tt0253486
,0.0,0.0,tt0253525
,0.0,0.0,tt0253586
,120000.0,0.0,tt0253700
PG-13,24000000.0,14782700.0,tt0253798
,0.0,0.0,tt0253827
PG-13,0.0,0.0,tt0253840
,0.0,0.0,tt0253842
R,0.0,0.0,tt0254099
R,0.0,0.0,tt0254199
,0.0,0.0,tt0254252
,0.0,0.0,tt0254284
,0.0,0.0,tt0254325
R,0.0,0.0,tt0254334
NR,0.0,7640680.0,tt0254455
,0.0,0.0,tt0254610
PG-13,0.0,0.0,tt0254617
,0.0,0.0,tt0254622
,0.0,0.0,tt0254626
R,3000000.0,9801380.0,tt0254686
,0.0,0.0,tt0254705
,0.0,0.0,tt0254791
,0.0,0.0,tt0255019
G,0.0,0.0,tt0255055
,0.0,0.0,tt0255067
,0.0,0.0,tt0255094
,0.0,0.0,tt0255112
NR,8300000.0,11068800.0,tt0255198
,0.0,0.0,tt0255305
,0.0,0.0,tt0255312
,0.0,0.0,tt0255321
,0.0,0.0,tt0255325
NC-17,0.0,0.0,tt0255476
,50000.0,24963.0,tt0255589
PG-13,0.0,4574760.0,tt0255653
PG-13,22000000.0,84772700.0,tt0255798
R,16000000.0,29381600.0,tt0255819
,0.0,0.0,tt0255909
,4500000.0,6582060.0,tt0256009
,0.0,0.0,tt0256084
,0.0,0.0,tt0256087
NR,0.0,0.0,tt0256103
,0.0,0.0,tt0256127
PG-13,0.0,0.0,tt0256155
,0.0,0.0,tt0256179
,0.0,0.0,tt0256341
R,0.0,0.0,tt0256359
,0.0,0.0,tt0256374
R,0.0,0.0,tt0256375
,0.0,0.0,tt0256378
PG-13,40000000.0,141070000.0,tt0256380
PG-13,0.0,0.0,tt0256524
,0.0,0.0,tt0256531
,0.0,0.0,tt0256587
,0.0,0.0,tt0256630
,0.0,0.0,tt0256666
,0.0,0.0,tt0256692
,0.0,0.0,tt0256757
,0.0,0.0,tt0256856
R,45000000.0,141221000.0,tt0257106
,1500000.0,0.0,tt0257255
,0.0,0.0,tt0257289
,3000000.0,0.0,tt0257408
,0.0,0.0,tt0257497
,0.0,0.0,tt0257721
R,0.0,0.0,tt0257750
,0.0,0.0,tt0257818
,0.0,42250.0,tt0257939
PG-13,0.0,0.0,tt0258038
,0.0,0.0,tt0258127
,0.0,0.0,tt0258210
NR,0.0,0.0,tt0258247
,250000.0,4186930.0,tt0258273
PG-13,0.0,0.0,tt0258470
,0.0,0.0,tt0258489
,0.0,0.0,tt0258501
,0.0,0.0,tt0258562
,0.0,0.0,tt0258635
,0.0,0.0,tt0258761
,0.0,0.0,tt0258827
,0.0,0.0,tt0258834
,77575.0,190441.0,tt0258854
,0.0,0.0,tt0258862
,0.0,0.0,tt0258883
,0.0,0.0,tt0258885
,0.0,0.0,tt0258967
,0.0,0.0,tt0259023
,0.0,0.0,tt0259054
,0.0,0.0,tt0259060
NR,0.0,0.0,tt0259216
,0.0,0.0,tt0259218
,0.0,0.0,tt0259221
NR,0.0,0.0,tt0259255
,0.0,0.0,tt0259289
NR,0.0,0.0,tt0259297
,0.0,0.0,tt0259386
R,0.0,0.0,tt0259393
,0.0,0.0,tt0259424
,0.0,6831.0,tt0259442
R,0.0,0.0,tt0259497
,0.0,0.0,tt0259516
R,68000000.0,203388000.0,tt0259711
,0.0,306737.0,tt0259730
,0.0,0.0,tt0259741
,0.0,0.0,tt0259744
,0.0,0.0,tt0259929
PG,5500000.0,16600000.0,tt0259974
,0.0,0.0,tt0260054
,0.0,0.0,tt0260136
,0.0,0.0,tt0260216
,0.0,0.0,tt0260332
,20000000.0,0.0,tt0260414
,0.0,0.0,tt0260481
,4200000.0,0.0,tt0260522
,0.0,0.0,tt0260688
,0.0,0.0,tt0260731
R,0.0,100420.0,tt0260746
R,50000000.0,100020000.0,tt0260866
,12500000.0,0.0,tt0260991
,0.0,0.0,tt0260992
,0.0,0.0,tt0261000
R,0.0,0.0,tt0261066
,0.0,0.0,tt0261125
,0.0,0.0,tt0261199
,4000000.0,0.0,tt0261311
,0.0,0.0,tt0261326
,0.0,0.0,tt0261375
R,22000000.0,33788200.0,tt0261392
,0.0,0.0,tt0261552
R,0.0,0.0,tt0261652
,0.0,463780.0,tt0261697
,0.0,0.0,tt0261706
,0.0,0.0,tt0261734
,400000.0,43719.0,tt0261755
,0.0,0.0,tt0261800
,0.0,0.0,tt0261959
R,1500000.0,1612260.0,tt0261983
,300000.0,0.0,tt0262196
,0.0,0.0,tt0262213
R,0.0,0.0,tt0262221
,0.0,0.0,tt0262222
,0.0,0.0,tt0262345
,0.0,0.0,tt0262429
,42000.0,241816.0,tt0262432
,0.0,0.0,tt0262462
,1.0,0.0,tt0262560
,0.0,0.0,tt0262690
,0.0,126.0,tt0262699
,0.0,0.0,tt0262774
,0.0,0.0,tt0262828
R,0.0,0.0,tt0262911
,0.0,0.0,tt0262942
,0.0,0.0,tt0263101
G,0.0,0.0,tt0263118
,0.0,0.0,tt0263156
R,0.0,10002.0,tt0263215
,0.0,0.0,tt0263334
R,0.0,0.0,tt0263386
R,10000000.0,59217800.0,tt0263488
,0.0,0.0,tt0263496
NR,0.0,0.0,tt0263657
,0.0,0.0,tt0263667
,0.0,0.0,tt0263671
R,0.0,0.0,tt0263725
,20000000.0,6000000.0,tt0263728
R,0.0,0.0,tt0263746
,0.0,0.0,tt0263971
,0.0,0.0,tt0264079
,0.0,0.0,tt0264319
,0.0,0.0,tt0264335
,0.0,0.0,tt0264355
,0.0,0.0,tt0264425
,4800000.0,0.0,tt0264508
,0.0,0.0,tt0264559
,0.0,0.0,tt0264581
,0.0,0.0,tt0264605
,0.0,0.0,tt0264606
R,11000000.0,17423000.0,tt0264616
R,0.0,0.0,tt0264675
,0.0,0.0,tt0264692
,0.0,0.0,tt0264710
R,1000000.0,10013400.0,tt0264761
,0.0,0.0,tt0264792
R,18000000.0,0.0,tt0264796
,0.0,0.0,tt0264916
,0.0,0.0,tt0264927
,0.0,0.0,tt0265018
PG-13,64400000.0,138191000.0,tt0265029
R,92000000.0,172990000.0,tt0265086
PG-13,50000000.0,33422800.0,tt0265087
,0.0,0.0,tt0265101
R,0.0,0.0,tt0265104
,0.0,0.0,tt0265107
,0.0,0.0,tt0265116
R,0.0,0.0,tt0265118
PG-13,1500000.0,0.0,tt0265171
R,0.0,0.0,tt0265180
,4000000.0,0.0,tt0265198
,0.0,0.0,tt0265221
,0.0,0.0,tt0265226
,6500000.0,2006390.0,tt0265307
R,0.0,0.0,tt0265343
R,0.0,0.0,tt0265357
,0.0,0.0,tt0265496
,0.0,0.0,tt0265581
,0.0,0.0,tt0265611
G,10000000.0,44460800.0,tt0265632
,0.0,0.0,tt0265663
R,21000000.0,71441200.0,tt0265666
,0.0,0.0,tt0265709
R,0.0,0.0,tt0265713
,0.0,0.0,tt0265739
R,0.0,0.0,tt0265752
,0.0,0.0,tt0265773
R,0.0,0.0,tt0265787
,0.0,0.0,tt0265828
,0.0,0.0,tt0265843
,0.0,0.0,tt0265859
R,0.0,0.0,tt0265930
,0.0,0.0,tt0266041
,0.0,0.0,tt0266054
,0.0,0.0,tt0266067
,0.0,0.0,tt0266102
NR,4500000.0,30600000.0,tt0266308
,0.0,0.0,tt0266381
PG-13,7000000.0,3646990.0,tt0266391
R,13500000.0,145969.0,tt0266408
R,0.0,0.0,tt0266449
,1300000.0,0.0,tt0266486
,0.0,0.0,tt0266529
,0.0,0.0,tt0266555
R,0.0,0.0,tt0266629
,0.0,0.0,tt0266634
,0.0,0.0,tt0266703
,0.0,0.0,tt0266705
,0.0,0.0,tt0266719
,0.0,0.0,tt0266821
,0.0,0.0,tt0266824
,0.0,0.0,tt0266870
PG-13,90000000.0,347326000.0,tt0266915
R,115000000.0,143050000.0,tt0266987
,9360460.0,0.0,tt0267044
,15000000.0,1297400.0,tt0267129
R,8000000.0,8826090.0,tt0267287
,0.0,0.0,tt0267336
,0.0,0.0,tt0267414
,0.0,0.0,tt0267427
,0.0,0.0,tt0267440
,0.0,0.0,tt0267490
,500000.0,0.0,tt0267601
,0.0,0.0,tt0267622
,0.0,0.0,tt0267659
,0.0,0.0,tt0267784
R,0.0,0.0,tt0267785
PG-13,49000000.0,72689100.0,tt0267804
,0.0,0.0,tt0267929
,0.0,0.0,tt0267959
R,0.0,0.0,tt0267989
,0.0,0.0,tt0268040
PG-13,1000000.0,852206.0,tt0268200
,0.0,0.0,tt0268219
G,25000000.0,80936200.0,tt0268397
,0.0,0.0,tt0268424
,0.0,0.0,tt0268437
PG-13,0.0,0.0,tt0268548
,0.0,0.0,tt0268579
,0.0,0.0,tt0268581
,0.0,0.0,tt0268636
R,0.0,0.0,tt0268690
,0.0,0.0,tt0268696
,3000000.0,3098920.0,tt0268711
,0.0,0.0,tt0268755
R,1500000.0,0.0,tt0268762
,0.0,0.0,tt0268776
,0.0,0.0,tt0268917
PG-13,60000000.0,313542000.0,tt0268978
PG,72000000.0,37317600.0,tt0268995
,0.0,0.0,tt0269043
,500000.0,0.0,tt0269058
,0.0,0.0,tt0269084
,0.0,0.0,tt0269135
,0.0,0.0,tt0269182
NR,0.0,0.0,tt0269217
,0.0,0.0,tt0269329
R,13000000.0,22390000.0,tt0269341
,0.0,0.0,tt0269356
,0.0,0.0,tt0269376
R,0.0,0.0,tt0269408
,0.0,0.0,tt0269499
,0.0,0.0,tt0269600
,0.0,0.0,tt0269743
,0.0,0.0,tt0269746
,2000000.0,0.0,tt0269763
,0.0,0.0,tt0269771
,0.0,0.0,tt0269792
,0.0,0.0,tt0269839
,0.0,0.0,tt0269856
,0.0,0.0,tt0269876
,0.0,0.0,tt0270021
,0.0,0.0,tt0270059
,0.0,0.0,tt0270104
R,0.0,0.0,tt0270259
R,0.0,0.0,tt0270270
,0.0,0.0,tt0270348
,0.0,0.0,tt0270397
,4800000.0,0.0,tt0270480
,700000.0,0.0,tt0270487
,0.0,0.0,tt0270500
,0.0,0.0,tt0270515
G,0.0,0.0,tt0270560
,0.0,0.0,tt0270569
,0.0,0.0,tt0270845
,0.0,0.0,tt0270880
,0.0,0.0,tt0270918
,0.0,0.0,tt0270919
PG-13,0.0,0.0,tt0270933
,0.0,0.0,tt0271017
,0.0,0.0,tt0271020
R,25000000.0,64437800.0,tt0271027
,0.0,0.0,tt0271029
,0.0,0.0,tt0271053
,0.0,0.0,tt0271193
R,0.0,0.0,tt0271200
,0.0,4903190.0,tt0271383
,0.0,0.0,tt0271436
,0.0,0.0,tt0271538
R,5000000.0,0.0,tt0271543
NR,1200000.0,0.0,tt0271580
,0.0,0.0,tt0271719
,0.0,0.0,tt0271788
,1900000.0,0.0,tt0271809
PG-13,25697400.0,790144.0,tt0271946
,570000.0,0.0,tt0271972
,0.0,0.0,tt0271982
,0.0,0.0,tt0271984
R,72000000.0,27642700.0,tt0272020
R,0.0,0.0,tt0272036
,0.0,0.0,tt0272068
,40000.0,0.0,tt0272069
,0.0,0.0,tt0272087
PG-13,48000000.0,50315100.0,tt0272152
,0.0,0.0,tt0272362
,0.0,0.0,tt0272440
,0.0,0.0,tt0272454
,0.0,0.0,tt0272563
R,0.0,0.0,tt0272590
,0.0,0.0,tt0272647
,0.0,0.0,tt0272822
R,0.0,0.0,tt0273048
R,0.0,0.0,tt0273057
,0.0,0.0,tt0273083
,0.0,0.0,tt0273226
,0.0,0.0,tt0273228
,0.0,251058.0,tt0273253
,0.0,0.0,tt0273259
PG,0.0,0.0,tt0273300
,0.0,0.0,tt0273302
,0.0,0.0,tt0273311
,2500000.0,0.0,tt0273498
,0.0,0.0,tt0273514
,1750000.0,0.0,tt0273539
,0.0,0.0,tt0273567
,0.0,299171.0,tt0273607
NR,0.0,0.0,tt0273650
,0.0,0.0,tt0273726
G,25000000.0,18634700.0,tt0273799
,0.0,0.0,tt0273812
,0.0,0.0,tt0273822
R,0.0,0.0,tt0273850
,0.0,0.0,tt0273851
,1000000.0,0.0,tt0274057
,0.0,0.0,tt0274117
,0.0,0.0,tt0274181
,0.0,0.0,tt0274189
,0.0,0.0,tt0274323
,0.0,0.0,tt0274432
R,0.0,0.0,tt0274472
R,0.0,215339.0,tt0274497
,0.0,0.0,tt0274541
,0.0,0.0,tt0274626
PG-13,0.0,0.0,tt0274652
,0.0,0.0,tt0274680
,250000.0,1200000.0,tt0274716
,0.0,0.0,tt0274748
,0.0,0.0,tt0274861
,0.0,0.0,tt0274868
,0.0,0.0,tt0274874
,0.0,0.0,tt0274947
,0.0,0.0,tt0275067
,8000000.0,0.0,tt0275083
,0.0,0.0,tt0275182
PG-13,0.0,0.0,tt0275230
,0.0,0.0,tt0275277
,0.0,0.0,tt0275468
PG-13,0.0,0.0,tt0275527
,0.0,0.0,tt0275538
,4000000.0,0.0,tt0275611
,0.0,0.0,tt0275615
,0.0,0.0,tt0275655
,0.0,0.0,tt0275681
R,0.0,70569.0,tt0275688
,100000.0,490475.0,tt0275719
,0.0,0.0,tt0275735
,0.0,0.0,tt0275772
,400000.0,0.0,tt0275773
,0.0,0.0,tt0275876
,0.0,0.0,tt0275902
,0.0,0.0,tt0275913
,0.0,0.0,tt0275969
,0.0,0.0,tt0276052
G,0.0,0.0,tt0276198
,0.0,0.0,tt0276226
,0.0,0.0,tt0276276
,0.0,0.0,tt0276437
,0.0,0.0,tt0276501
,0.0,0.0,tt0276504
,300000.0,0.0,tt0276584
,0.0,0.0,tt0276607
,250000.0,0.0,tt0276617
,0.0,0.0,tt0276637
,0.0,0.0,tt0276773
,0.0,0.0,tt0276818
,0.0,0.0,tt0276820
,0.0,0.0,tt0276837
R,0.0,0.0,tt0276868
,0.0,0.0,tt0276893
,0.0,0.0,tt0276971
R,50.0,60.0,tt0276977
PG-13,22000000.0,92542400.0,tt0277027
,0.0,0.0,tt0277092
,0.0,0.0,tt0277255
,0.0,0.0,tt0277327
R,16000000.0,66468300.0,tt0277371
,0.0,0.0,tt0277386
,0.0,0.0,tt0277558
,0.0,0.0,tt0277622
,0.0,0.0,tt0277688
R,0.0,0.0,tt0277705
R,0.0,0.0,tt0277713
,0.0,0.0,tt0277799
,0.0,0.0,tt0277800
,0.0,0.0,tt0277909
,0.0,0.0,tt0277919
,0.0,0.0,tt0277925
,0.0,0.0,tt0277928
,0.0,0.0,tt0277975
,0.0,0.0,tt0278006
,0.0,0.0,tt0278026
,0.0,0.0,tt0278044
,0.0,0.0,tt0278159
,0.0,0.0,tt0278162
,0.0,0.0,tt0278380
,0.0,0.0,tt0278412
,0.0,0.0,tt0278413
,0.0,0.0,tt0278487
,12000000.0,31155400.0,tt0278488
,0.0,0.0,tt0278666
,0.0,0.0,tt0278674
,0.0,10000000.0,tt0278675
,0.0,0.0,tt0278783
,0.0,0.0,tt0278818
,0.0,0.0,tt0278976
,0.0,0.0,tt0279064
,0.0,0.0,tt0279065
,0.0,0.0,tt0279083
NR,9400000.0,20000000.0,tt0279112
,0.0,0.0,tt0279231
,0.0,0.0,tt0279248
,0.0,0.0,tt0279286
NR,0.0,0.0,tt0279479
,0.0,0.0,tt0279483
,0.0,0.0,tt0279485
,0.0,0.0,tt0279494
,0.0,0.0,tt0279523
,0.0,0.0,tt0279623
,3000000.0,0.0,tt0279695
,0.0,0.0,tt0279783
R,0.0,0.0,tt0279809
PG,38000000.0,24516800.0,tt0279889
,0.0,0.0,tt0279926
,0.0,0.0,tt0279960
,0.0,0.0,tt0279977
,0.0,0.0,tt0279998
,0.0,0.0,tt0280001
,0.0,0.0,tt0280015
,0.0,0.0,tt0280096
,0.0,0.0,tt0280140
,0.0,0.0,tt0280193
,0.0,0.0,tt0280198
,200000.0,0.0,tt0280381
NR,0.0,0.0,tt0280383
,0.0,0.0,tt0280424
R,0.0,0.0,tt0280456
,0.0,0.0,tt0280465
,0.0,0.0,tt0280697
R,19800000.0,87754000.0,tt0280707
,0.0,0.0,tt0280732
,0.0,0.0,tt0280733
R,5500000.0,16154000.0,tt0280778
,0.0,0.0,tt0280788
,30.0,0.0,tt0280791
,0.0,0.0,tt0280933
,0.0,0.0,tt0280956
,0.0,0.0,tt0280962
,0.0,0.0,tt0281094
,0.0,0.0,tt0281144
,0.0,0.0,tt0281202
R,165000.0,0.0,tt0281203
,0.0,0.0,tt0281214
,0.0,0.0,tt0281339
,0.0,0.0,tt0281357
,15300000.0,10366400.0,tt0281364
,0.0,0.0,tt0281398
,575100.0,0.0,tt0281615
PG-13,600000.0,1023160.0,tt0281680
,0.0,0.0,tt0281718
,0.0,0.0,tt0281810
,0.0,0.0,tt0281954
,1000000.0,0.0,tt0282023
,18000000.0,0.0,tt0282108
,0.0,0.0,tt0282159
R,0.0,0.0,tt0282163
R,0.0,0.0,tt0282179
,0.0,0.0,tt0282184
,0.0,0.0,tt0282363
,0.0,0.0,tt0282455
,500000.0,0.0,tt0282484
R,0.0,0.0,tt0282489
,0.0,0.0,tt0282496
-,0.0,0.0,tt0282526
,0.0,0.0,tt0282528
,0.0,0.0,tt0282542
PG,0.0,0.0,tt0282589
,0.0,0.0,tt0282599
,0.0,0.0,tt0282628
,0.0,0.0,tt0282701
,0.0,0.0,tt0282744
,0.0,0.0,tt0282753
PG,0.0,0.0,tt0282768
,0.0,0.0,tt0282776
,0.0,0.0,tt0282965
,4000000.0,0.0,tt0283015
R,0.0,0.0,tt0283027
,0.0,0.0,tt0283037
,0.0,0.0,tt0283079
,0.0,0.0,tt0283086
,0.0,0.0,tt0283269
,0.0,0.0,tt0283283
R,0.0,0.0,tt0283288
,0.0,0.0,tt0283309
R,0.0,0.0,tt0283323
,0.0,0.0,tt0283337
,0.0,0.0,tt0283366
,0.0,0.0,tt0283372
,0.0,0.0,tt0283380
R,0.0,0.0,tt0283387
,0.0,0.0,tt0283422
,0.0,0.0,tt0283428
,0.0,0.0,tt0283429
,0.0,0.0,tt0283431
,0.0,0.0,tt0283504
,1012150.0,0.0,tt0283509
,0.0,0.0,tt0283510
,0.0,0.0,tt0283534
,0.0,0.0,tt0283539
,0.0,0.0,tt0283623
,0.0,0.0,tt0283641
,0.0,0.0,tt0283663
,0.0,0.0,tt0283911
,0.0,0.0,tt0283952
,0.0,0.0,tt0283960
,0.0,0.0,tt0284007
,0.0,0.0,tt0284137
,0.0,0.0,tt0284182
,250000.0,0.0,tt0284189
,0.0,0.0,tt0284214
,0.0,0.0,tt0284229
PG-13,0.0,0.0,tt0284233
,0.0,0.0,tt0284235
,0.0,0.0,tt0284253
,0.0,0.0,tt0284451
,0.0,1825000.0,tt0284469
,0.0,0.0,tt0284470
,1200000.0,0.0,tt0284491
,0.0,0.0,tt0284492
,0.0,0.0,tt0284525
NR,0.0,0.0,tt0284573
,0.0,0.0,tt0284769
,0.0,0.0,tt0284839
,0.0,0.0,tt0284867
,0.0,0.0,tt0284878
R,0.0,0.0,tt0284880
,0.0,0.0,tt0284907
,0.0,0.0,tt0284970
,0.0,0.0,tt0285005
,0.0,0.0,tt0285066
,0.0,0.0,tt0285100
,0.0,0.0,tt0285166
PG-13,0.0,0.0,tt0285242
,0.0,0.0,tt0285280
,0.0,0.0,tt0285281
,0.0,0.0,tt0285440
R,1934000.0,3786800.0,tt0285441
,0.0,0.0,tt0285681
,0.0,0.0,tt0285685
,0.0,0.0,tt0285698
R,4000000.0,44909500.0,tt0285742
,0.0,0.0,tt0285848
,0.0,0.0,tt0285896
,0.0,0.0,tt0285954
,0.0,0.0,tt0285963
,0.0,0.0,tt0285999
R,1000000.0,0.0,tt0286055
,0.0,35000000.0,tt0286098
PG,10000000.0,42776800.0,tt0286112
,0.0,0.0,tt0286249
,0.0,0.0,tt0286476
R,0.0,0.0,tt0286484
,0.0,0.0,tt0286553
,0.0,0.0,tt0286613
,0.0,0.0,tt0286623
,0.0,0.0,tt0286635
R,25000000.0,318451.0,tt0286751
,0.0,0.0,tt0286795
,0.0,0.0,tt0286797
,0.0,60700.0,tt0286917
,0.0,0.0,tt0287031
,0.0,0.0,tt0287045
,0.0,0.0,tt0287048
,0.0,0.0,tt0287092
,0.0,0.0,tt0287112
,0.0,0.0,tt0287155
,0.0,0.0,tt0287330
,0.0,0.0,tt0287471
PG,7500000.0,0.0,tt0287547
PG,0.0,28023600.0,tt0287635
,0.0,0.0,tt0287645
,0.0,0.0,tt0287803
,0.0,0.0,tt0287915
,0.0,0.0,tt0287934
,0.0,0.0,tt0287986
,0.0,0.0,tt0288024
,0.0,0.0,tt0288092
,0.0,0.0,tt0288115
,0.0,0.0,tt0288142
,100000.0,0.0,tt0288192
R,0.0,0.0,tt0288215
,0.0,0.0,tt0288260
,0.0,0.0,tt0288480
,0.0,0.0,tt0288491
,0.0,0.0,tt0288520
,0.0,0.0,tt0288602
,0.0,0.0,tt0288626
,0.0,0.0,tt0288719
,0.0,0.0,tt0288869
,0.0,0.0,tt0289054
,0.0,0.0,tt0289074
,0.0,0.0,tt0289132
,0.0,0.0,tt0289181
,0.0,0.0,tt0289213
,0.0,0.0,tt0289730
,0.0,0.0,tt0289845
,0.0,0.0,tt0290006
,0.0,0.0,tt0290028
R,0.0,0.0,tt0290082
,0.0,0.0,tt0290298
,0.0,0.0,tt0290322
,0.0,1486990.0,tt0290326
R,60400.0,0.0,tt0290329
PG,7000000.0,10229300.0,tt0290332
,0.0,0.0,tt0290498
,0.0,0.0,tt0290661
,0.0,52462.0,tt0290662
,0.0,0.0,tt0290714
,0.0,0.0,tt0290745
,0.0,0.0,tt0290823
,0.0,0.0,tt0290824
,0.0,0.0,tt0290841
PG-13,0.0,0.0,tt0290858
,0.0,0.0,tt0290879
PG,0.0,0.0,tt0290884
,0.0,0.0,tt0290941
,0.0,0.0,tt0291043
,0.0,0.0,tt0291046
,0.0,0.0,tt0291183
R,0.0,0.0,tt0291265
,0.0,0.0,tt0291327
R,0.0,0.0,tt0291341
,0.0,37641.0,tt0291350
,0.0,0.0,tt0291368
R,0.0,0.0,tt0291424
,0.0,0.0,tt0291454
,0.0,0.0,tt0291507
,0.0,0.0,tt0291530
R,0.0,0.0,tt0291559
,0.0,0.0,tt0291935
G,0.0,0.0,tt0291959
,0.0,0.0,tt0291962
,0.0,0.0,tt0292346
,0.0,0.0,tt0292429
,0.0,0.0,tt0292432
,0.0,0.0,tt0292459
,2079000.0,4099000.0,tt0292490
,0.0,0.0,tt0292502
R,0.0,0.0,tt0292542
,0.0,0.0,tt0292707
,0.0,0.0,tt0292718
,0.0,0.0,tt0292887
,0.0,0.0,tt0292895
,0.0,0.0,tt0292964
PG,0.0,0.0,tt0292996
,0.0,0.0,tt0292997
,0.0,0.0,tt0293049
,0.0,0.0,tt0293083
R,0.0,0.0,tt0293176
,0.0,0.0,tt0293280
PG-13,15000000.0,4035190.0,tt0293416
,0.0,0.0,tt0293478
,0.0,0.0,tt0293552
,0.0,0.0,tt0293664
,0.0,0.0,tt0293667
,0.0,0.0,tt0293715
,0.0,0.0,tt0293720
,0.0,0.0,tt0293831
,0.0,14847000.0,tt0293849
G,0.0,0.0,tt0293854
,0.0,0.0,tt0293859
,0.0,0.0,tt0293865
,0.0,0.0,tt0293984
,0.0,0.0,tt0294251
,344.0,4.0,tt0294289
,0.0,0.0,tt0294353
R,0.0,0.0,tt0294413
,200000.0,0.0,tt0294578
,0.0,0.0,tt0294604
,0.0,0.0,tt0294640
,0.0,1260920.0,tt0294707
NC-17,0.0,0.0,tt0294897
,0.0,0.0,tt0294916
,0.0,0.0,tt0294939
,0.0,0.0,tt0294949
,0.0,0.0,tt0295152
,0.0,0.0,tt0295165
,0.0,0.0,tt0295171
,0.0,0.0,tt0295179
,0.0,0.0,tt0295197
NR,0.0,0.0,tt0295206
,0.0,0.0,tt0295258
,0.0,0.0,tt0295281
,0.0,0.0,tt0295362
,0.0,0.0,tt0295368
,0.0,0.0,tt0295461
,0.0,0.0,tt0295473
,5000000.0,0.0,tt0295552
,0.0,0.0,tt0295556
,0.0,756370.0,tt0295578
,0.0,0.0,tt0295581
,0.0,0.0,tt0295640
,0.0,0.0,tt0295671
,0.0,0.0,tt0295715
,5200000.0,0.0,tt0295925
,0.0,0.0,tt0296008
,0.0,0.0,tt0296032
,1400010.0,80631.0,tt0296042
NR,0.0,0.0,tt0296067
,0.0,0.0,tt0296074
,0.0,0.0,tt0296210
,0.0,0.0,tt0296296
,0.0,0.0,tt0296494
,0.0,0.0,tt0296621
,0.0,0.0,tt0296658
,0.0,0.0,tt0296696
PG,0.0,0.0,tt0296845
,0.0,0.0,tt0296919
PG-13,0.0,0.0,tt0297024
,0.0,0.0,tt0297071
R,0.0,0.0,tt0297080
,0.0,0.0,tt0297241
,0.0,0.0,tt0297259
,0.0,0.0,tt0297319
,0.0,0.0,tt0297384
,0.0,0.0,tt0297398
,0.0,0.0,tt0297403
,0.0,0.0,tt0297414
,0.0,0.0,tt0297441
,0.0,0.0,tt0297462
,0.0,0.0,tt0297699
,0.0,0.0,tt0297721
R,0.0,0.0,tt0297769
,0.0,0.0,tt0297856
,0.0,0.0,tt0297905
,0.0,0.0,tt0297928
,0.0,0.0,tt0298109
,0.0,0.0,tt0298127
NR,0.0,0.0,tt0298293
,0.0,0.0,tt0298412
,0.0,0.0,tt0298505
,0.0,0.0,tt0298786
,0.0,0.0,tt0298826
,0.0,0.0,tt0298865
,0.0,0.0,tt0298943
,1750000.0,0.0,tt0298954
,0.0,0.0,tt0299088
,0.0,0.0,tt0299109
,0.0,0.0,tt0299213
NC-17,0.0,0.0,tt0299549
,0.0,0.0,tt0299594
R,0.0,0.0,tt0299712
,0.0,0.0,tt0299744
,0.0,0.0,tt0299876
,0.0,0.0,tt0299937
,0.0,0.0,tt0300016
,0.0,0.0,tt0300197
,0.0,0.0,tt0300456
,0.0,0.0,tt0300522
,0.0,0.0,tt0300525
,0.0,0.0,tt0300528
,0.0,0.0,tt0300633
,4600000.0,0.0,tt0300657
,0.0,0.0,tt0300692
,0.0,0.0,tt0301083
,0.0,0.0,tt0301254
,0.0,0.0,tt0301429
,0.0,0.0,tt0301479
,0.0,0.0,tt0301520
,0.0,0.0,tt0301527
,0.0,0.0,tt0301677
,0.0,0.0,tt0301911
NR,0.0,0.0,tt0302309
,0.0,0.0,tt0302432
,0.0,0.0,tt0302538
,0.0,0.0,tt0302612
PG,0.0,0.0,tt0302819
R,0.0,0.0,tt0303103
,1900000.0,240093.0,tt0303243
,0.0,0.0,tt0303260
,0.0,0.0,tt0303274
,0.0,0.0,tt0303396
,0.0,0.0,tt0303397
,0.0,0.0,tt0303408
,0.0,0.0,tt0303648
NC-17,0.0,0.0,tt0303677
,0.0,0.0,tt0303720
,0.0,0.0,tt0303998
,0.0,0.0,tt0304091
,0.0,0.0,tt0304098
,0.0,0.0,tt0304230
,0.0,0.0,tt0304262
,0.0,0.0,tt0304628
,0.0,0.0,tt0304695
,0.0,0.0,tt0304704
,0.0,0.0,tt0304753
,0.0,0.0,tt0304769
NR,0.0,0.0,tt0304790
,0.0,0.0,tt0304809
,0.0,0.0,tt0304866
,0.0,0.0,tt0304874
,0.0,0.0,tt0305211
,0.0,0.0,tt0305240
,300.0,0.0,tt0305563
,0.0,0.0,tt0305647
,12.0,0.0,tt0305793
,0.0,0.0,tt0305831
,0.0,0.0,tt0305859
NR,0.0,0.0,tt0306135
,0.0,0.0,tt0306359
,0.0,0.0,tt0306474
,2000.0,0.0,tt0306568
,0.0,0.0,tt0306651
,0.0,0.0,tt0306708
,0.0,0.0,tt0306741
,0.0,0.0,tt0306874
,40000.0,0.0,tt0307109
,0.0,62100.0,tt0307213
R,0.0,0.0,tt0307448
,0.0,0.0,tt0307680
,0.0,0.0,tt0308049
,0.0,0.0,tt0308280
,0.0,0.0,tt0308977
,0.0,0.0,tt0309059
,0.0,0.0,tt0309291
,0.0,0.0,tt0309694
,0.0,0.0,tt0309734
,0.0,77567.0,tt0310149
,3747230.0,1951820.0,tt0310790
R,100000.0,0.0,tt0311361
,0.0,0.0,tt0311582
,0.0,0.0,tt0311740
,0.0,0.0,tt0311792
,0.0,0.0,tt0311939
,0.0,0.0,tt0312014
NR,0.0,0.0,tt0312297
,0.0,0.0,tt0312408
,0.0,0.0,tt0312412
,0.0,0.0,tt0312499
,0.0,0.0,tt0312563
,0.0,0.0,tt0312687
,250000.0,0.0,tt0312843
,0.0,0.0,tt0312932
,0.0,0.0,tt0313342
,0.0,0.0,tt0313403
,0.0,0.0,tt0313812
,0.0,0.0,tt0314079
,0.0,0.0,tt0314134
,0.0,0.0,tt0314474
,0.0,0.0,tt0314789
,0.0,0.0,tt0315253
,0.0,0.0,tt0315375
,0.0,0.0,tt0315521
,0.0,0.0,tt0316955
,0.0,0.0,tt0317079
,0.0,0.0,tt0317333
,0.0,0.0,tt0317743
,0.0,0.0,tt0318073
,0.0,0.0,tt0318284
,0.0,0.0,tt0318359
,0.0,0.0,tt0318844
NR,40000.0,0.0,tt0320187
,0.0,0.0,tt0320641
,0.0,0.0,tt0320671
,0.0,0.0,tt0321649
R,0.0,0.0,tt0321959
,0.0,0.0,tt0322189
,0.0,0.0,tt0322232
,0.0,0.0,tt0322423
PG-13,10540.0,0.0,tt0322645
,0.0,0.0,tt0322852
,0.0,0.0,tt0323458
,0.0,0.0,tt0324368
,0.0,0.0,tt0325043
,0.0,0.0,tt0325170
,0.0,0.0,tt0325174
,0.0,0.0,tt0325181
,0.0,0.0,tt0325730
NR,0.0,0.0,tt0325758
,0.0,0.0,tt0326009
,0.0,0.0,tt0326745
,0.0,0.0,tt0326756
,0.0,0.0,tt0327730
,0.0,0.0,tt0328033
NR,0.0,0.0,tt0328226
,0.0,0.0,tt0328420
,0.0,0.0,tt0328567
,0.0,0.0,tt0329276
PG,0.0,0.0,tt0329589
,0.0,0.0,tt0329768
,0.0,0.0,tt0329777
,0.0,0.0,tt0329792
,0.0,0.0,tt0330147
,0.0,0.0,tt0330410
,0.0,0.0,tt0330501
,0.0,0.0,tt0330796
,0.0,0.0,tt0330994
,0.0,0.0,tt0331097
,0.0,0.0,tt0331262
,0.0,0.0,tt0331441
,0.0,0.0,tt0331906
,0.0,0.0,tt0331997
,0.0,0.0,tt0332129
,0.0,0.0,tt0332260
,0.0,0.0,tt0335053
,0.0,0.0,tt0337024
,0.0,0.0,tt0337628
,0.0,0.0,tt0338679
NR,0.0,0.0,tt0338988
,0.0,0.0,tt0339847
,0.0,0.0,tt0341571
,0.0,0.0,tt0343175
,0.0,0.0,tt0345885
,0.0,0.0,tt0345975
NR,1200000.0,0.0,tt0347014
,0.0,0.0,tt0347161
,0.0,0.0,tt0348087
,0.0,0.0,tt0349092
,0.0,0.0,tt0349470
,0.0,0.0,tt0353523
,0.0,0.0,tt0353533
,0.0,0.0,tt0354894
,545.0,0.0,tt0354981
,0.0,0.0,tt0355052
,0.0,0.0,tt0355430
,0.0,0.0,tt0355449
,0.0,0.0,tt0355857
,0.0,0.0,tt0356741
,0.0,0.0,tt0359190
,0.0,0.0,tt0361277
,0.0,0.0,tt0363057
,0.0,0.0,tt0363277
R,1000000.0,0.0,tt0364722
,0.0,0.0,tt0364977
,0.0,0.0,tt0365111
NR,0.0,0.0,tt0365581
,0.0,0.0,tt0365671
,0.0,0.0,tt0367187
,0.0,0.0,tt0367258
,0.0,0.0,tt0367699
,0.0,0.0,tt0367942
,0.0,0.0,tt0368296
,0.0,0.0,tt0368561
NR,0.0,0.0,tt0368652
,0.0,0.0,tt0368906
,0.0,0.0,tt0370081
,0.0,0.0,tt0370584
,0.0,0.0,tt0371301
,0.0,0.0,tt0373081
,0.0,0.0,tt0374076
,0.0,0.0,tt0379955
,0.0,0.0,tt0382176
,0.0,0.0,tt0386422
,0.0,0.0,tt0388130
,0.0,0.0,tt0389238
,0.0,0.0,tt0389371
,0.0,0.0,tt0389418
,0.0,0.0,tt0392759
,0.0,0.0,tt0396551
,0.0,0.0,tt0403665
,0.0,0.0,tt0403951
,0.0,0.0,tt0405312
,0.0,0.0,tt0409941
,0.0,0.0,tt0410921
,0.0,0.0,tt0411396
,0.0,0.0,tt0412677
,35000.0,0.0,tt0413669
,0.0,0.0,tt0416217
,0.0,0.0,tt0422262
,0.0,0.0,tt0422984
,0.0,0.0,tt0424986
,0.0,0.0,tt0427813
,0.0,0.0,tt0433683
,30000.0,0.0,tt0433694
,400.0,0.0,tt0434857
,7000.0,0.0,tt0439449
,0.0,0.0,tt0441561
,0.0,0.0,tt0441667
,0.0,0.0,tt0445061
,12500000.0,123022000.0,tt0445841
,0.0,0.0,tt0446464
,0.0,0.0,tt0446493
,0.0,0.0,tt0447257
,0.0,0.0,tt0447604
,0.0,0.0,tt0450497
,0.0,0.0,tt0451229
,0.0,0.0,tt0459405
,0.0,0.0,tt0461021
,0.0,0.0,tt0465920
,0.0,0.0,tt0466842
NR,0.0,0.0,tt0477475
,0.0,0.0,tt0479028
,0.0,0.0,tt0479692
,0.0,0.0,tt0482218
,0.0,0.0,tt0487130
,0.0,0.0,tt0487759
,0.0,0.0,tt0489447
,0.0,0.0,tt0494966
,0.0,0.0,tt0777822
,0.0,0.0,tt0777881
,0.0,0.0,tt0784145
,0.0,0.0,tt0793607
G,0.0,0.0,tt0810831
PG-13,0.0,0.0,tt0814243
,0.0,0.0,tt0831848
PG-13,0.0,0.0,tt0832449
,0.0,0.0,tt0856262
,5000.0,0.0,tt0867181
,0.0,0.0,tt0880482
,0.0,0.0,tt0885526
,0.0,0.0,tt0903904
,0.0,0.0,tt10137486
,0.0,0.0,tt1016145
,0.0,0.0,tt1020063
NR,94.0,0.0,tt1020940
,500000.0,500000.0,tt1039952
PG-13,0.0,0.0,tt1068773
,0.0,0.0,tt10706980
,0.0,0.0,tt10718254
PG-13,0.0,0.0,tt1073223
,0.0,0.0,tt1080035
,0.0,0.0,tt10875196
,0.0,0.0,tt1091840
,0.0,0.0,tt1093394
,0.0,0.0,tt1105323
,0.0,0.0,tt1105375
,0.0,0.0,tt1147513
,0.0,0.0,tt12695338
,0.0,0.0,tt1283956
G,0.0,0.0,tt1291055
NR,0.0,0.0,tt12940124
,0.0,0.0,tt1304996
,0.0,0.0,tt1344376
,0.0,0.0,tt13964346
,0.0,0.0,tt1431314
,0.0,0.0,tt15554712
,0.0,0.0,tt1601221
NR,0.0,0.0,tt16034784
,0.0,0.0,tt1604585
,0.0,0.0,tt1632588
,0.0,0.0,tt1639320
,0.0,0.0,tt1703099
,0.0,0.0,tt1720942
,250000.0,0.0,tt1764172
,0.0,0.0,tt1796560
,0.0,0.0,tt1831837
,0.0,0.0,tt1900940
,0.0,0.0,tt1907617
,0.0,0.0,tt1924315
,0.0,0.0,tt1934227
,0.0,0.0,tt19637696
,0.0,0.0,tt1967539
,0.0,0.0,tt2004196
,0.0,0.0,tt2014238
,0.0,0.0,tt2032554
,0.0,0.0,tt20852180
,0.0,0.0,tt2131677
,0.0,0.0,tt2156981
,0.0,0.0,tt2158453
,0.0,0.0,tt2162703
,0.0,0.0,tt2180441
,0.0,0.0,tt2199776
,0.0,0.0,tt2253998
,0.0,0.0,tt2266849
,0.0,0.0,tt2300977
,0.0,0.0,tt2385237
,0.0,0.0,tt2402945
,0.0,0.0,tt2487986
,0.0,0.0,tt2661416
,0.0,0.0,tt2742202
,0.0,0.0,tt2756880
,0.0,0.0,tt2759362
,2000.0,0.0,tt2957918
,0.0,0.0,tt2960870
,0.0,0.0,tt2980774
,0.0,0.0,tt3034558
NR,0.0,0.0,tt3041064
NR,0.0,0.0,tt3067204
,0.0,0.0,tt3162630
,0.0,0.0,tt3165660
,0.0,0.0,tt3186794
,0.0,0.0,tt3204902
,0.0,0.0,tt3508164
,0.0,0.0,tt3552620
,0.0,0.0,tt3626868
,0.0,0.0,tt4018476
,0.0,0.0,tt4036796
,0.0,0.0,tt4056390
,0.0,8.0,tt4164572
,0.0,0.0,tt4165204
,0.0,0.0,tt4184478
,0.0,0.0,tt4216744
,0.0,0.0,tt4219002
,0.0,0.0,tt4219018
,0.0,0.0,tt4245838
,0.0,0.0,tt4472100
,0.0,0.0,tt4518384
,0.0,0.0,tt4523400
,0.0,0.0,tt4719902
,0.0,0.0,tt4794734
,0.0,0.0,tt5239916
,0.0,0.0,tt5483330
,0.0,0.0,tt5493684
,0.0,0.0,tt5934296
,0.0,0.0,tt6174238
,7000.0,0.0,tt7029820
,0.0,0.0,tt7197642
NR,10000000.0,0.0,tt7631368
,0.0,0.0,tt7797670
,0.0,0.0,tt7797790
,0.0,0.0,tt7802790
,0.0,0.0,tt8665056
NR,0.0,0.0,tt8795764
,0.0,0.0,tt9071078
